right_sequence,right_name,left_sequence,left_name,input_copies,time_to_detection
CCCAG,A1,AGTGA,B1,1.00E+06,15.55173586
TCACT,B1,TTTGA,C1,1.00E+05,15.9707231
TCAAA,C1,CCTCT,D1,10000,19.63091862
AGAGG,D1,TCGCA,E1,1000,19.2758085
TGCGA,E1,GCCCC,F1,50,49.84850102
GGGGC,F1,CTGCG,G1,10,NA
AGTTT,G2,AGACT,H2,0,NA
TCCCT,H1,CTGGG,A1,0,NA
CCCCT,A3,ACCTT,B3,1.00E+06,16.07380523
AAGGT,B3,TCGTG,C3,1.00E+05,16.95002208
CACGA,C3,GGGTT,D3,10000,19.34244989
AACCC,D3,CGTCG,E3,1000,15.81002061
CGACG,E3,TCGTT,F3,50,18.08157128
AACGA,F3,TACCT,G3,10,NA
GTAAA,G4,CTTCA,H4,0,NA
AGAGC,H3,AGGGG,A3,0,NA
AAGTT,A5,GCACA,B5,1.00E+06,8.257140801
TGTGC,B5,CACCT,C5,1.00E+05,28.08303971
AGGTG,C5,GTTCT,D5,10000,17.85298113
AGAAC,D5,TCAGT,E5,1000,16.05084126
ACTGA,E5,CTAGA,F5,50,18.08446307
TCTAG,F5,CGCGC,G5,10,NA
TAGAC,G6,GTCCG,H6,0,NA
CTTCT,H5,AACTT,A5,0,NA
TGACT,A7,GAATA,B7,1.00E+06,5.624005213
TATTC,B7,GTGGG,C7,1.00E+05,6.034677151
CCCAC,C7,TACAC,D7,10000,17.75341004
GTGTA,D7,TACTC,E7,1000,31.56457827
GAGTA,E7,CAGCG,F7,50,19.08680418
CGCTG,F7,GATAC,G7,10,NA
ACTAT,G8,AGTGT,H8,0,NA
CGAGG,H7,AGTCA,A7,0,NA
ACGAA,A9,TCCGG,B9,1.00E+06,17.23701322
CCGGA,B9,TAACA,C9,1.00E+05,17.8828408
TGTTA,C9,CGTAA,D9,10000,21.68657666
TTACG,D9,ATGGG,E9,1000,18.54223497
CCCAT,E9,CAACG,F9,50,35.71686258
CGTTG,F9,ACGAA,G9,10,36.51997009
CTTGA,G10,TCCAG,H10,0,NA
AACAA,H9,TTCGT,A9,0,NA
TGAAC,A11,AATAG,B11,1.00E+06,9.895021976
CTATT,B11,ATCTG,C11,1.00E+05,16.46930649
CAGAT,C11,CAGTA,D11,10000,33.10505314
TACTG,D11,GTGAT,E11,1000,19.74798828
ATCAC,E11,GCAAG,F11,50,NA
CTTGC,F11,AGACG,G11,10,33.99693689
TGAGA,G12,AGGTA,H12,0,NA
ACGCA,H11,GTTCA,A11,0,NA