ID,right_sequence,left_sequence,stage_1_result
Plate_1_A1,TCAAA,CGCAG,negative
Plate_1_A2,GCAAC,AGTTT,positive
Plate_1_A3,CACGA,AGGTA,negative
Plate_1_A4,CGTGG,GTAAA,negative
Plate_1_A5,AGGTG,GCGCG,negative
Plate_1_A6,ATCTG,TAGAC,negative
Plate_1_A7,CCCAC,GTATC,negative
Plate_1_A8,GATCC,ACTAT,positive
Plate_1_A9,TGTTA,TTCGT,negative
Plate_1_A10,GAGAA,CTTGA,negative
Plate_1_A11,CAGAT,CGTCT,negative
Plate_1_A12,CTGAA,TGAGA,negative
Plate_1_B1,CGCAG,AGAGG,negative
Plate_1_B2,AGTTT,CCGTT,negative
Plate_1_B3,AGGTA,AACCC,negative
Plate_1_B4,GTAAA,TCATA,negative
Plate_1_B5,GCGCG,AGAAC,negative
Plate_1_B6,TAGAC,TACTT,negative
Plate_1_B7,GTATC,GTGTA,negative
Plate_1_B8,ACTAT,AGAAG,negative
Plate_1_B9,TTCGT,TTACG,negative
Plate_1_B10,CTTGA,CGTCC,negative
Plate_1_B11,CGTCT,TACTG,negative
Plate_1_B12,TGAGA,TTGCT,negative
Plate_1_C1,AGAGG,CCCAG,negative
Plate_1_C2,CCGTT,TCCAC,negative
Plate_1_C3,AACCC,CCCCT,negative
Plate_1_C4,TCATA,GTTGA,negative
Plate_1_C5,AGAAC,AAGTT,negative
Plate_1_C6,TACTT,CACTT,negative
Plate_1_C7,GTGTA,TGACT,negative
Plate_1_C8,AGAAG,TCTTA,negative
Plate_1_C9,TTACG,ACGAA,negative
Plate_1_C10,CGTCC,CCTAG,negative
Plate_1_C11,TACTG,TGAAC,positive
Plate_1_C12,TTGCT,GGCAA,negative
Plate_1_D1,CCCAG,TCCCT,negative
Plate_1_D2,TCCAC,AGTCT,positive
Plate_1_D3,CCCCT,AGAGC,negative
Plate_1_D4,GTTGA,TGAAG,negative
Plate_1_D5,AAGTT,CTTCT,negative
Plate_1_D6,CACTT,CGGAC,positive
Plate_1_D7,TGACT,CGAGG,negative
Plate_1_D8,TCTTA,ACACT,negative
Plate_1_D9,ACGAA,AACAA,negative
Plate_1_D10,CCTAG,CTGGA,negative
Plate_1_D11,TGAAC,ACGCA,negative
Plate_1_D12,GGCAA,TACCT,negative
Plate_1_E1,TCCCT,GGGGC,negative
Plate_1_E2,AGTCT,GTAAG,negative
Plate_1_E3,AGAGC,AACGA,negative
Plate_1_E4,TGAAG,AGCAC,negative
Plate_1_E5,CTTCT,TCTAG,negative
Plate_1_E6,CGGAC,TAACT,negative
Plate_1_E7,CGAGG,CGCTG,negative
Plate_1_E8,ACACT,ACACC,positive
Plate_1_E9,AACAA,CGTTG,negative
Plate_1_E10,CTGGA,GGATG,negative
Plate_1_E11,ACGCA,CTTGC,negative
Plate_1_E12,TACCT,GTTTC,negative
Plate_1_F1,GGGGC,TCACT,negative
Plate_1_F2,GTAAG,GTGCA,negative
Plate_1_F3,AACGA,AAGGT,negative
Plate_1_F4,AGCAC,ACCTG,negative
Plate_1_F5,TCTAG,TGTGC,negative
Plate_1_F6,TAACT,TTGAA,negative
Plate_1_F7,CGCTG,TATTC,negative
Plate_1_F8,ACACC,AATTT,negative
Plate_1_F9,CGTTG,CCGGA,positive
Plate_1_F10,GGATG,ATGCT,negative
Plate_1_F11,CTTGC,CTATT,negative
Plate_1_F12,GTTTC,CCCAA,negative
Plate_1_G1,TCACT,TGCGA,negative
Plate_1_G2,GTGCA,GATCT,negative
Plate_1_G3,AAGGT,CGACG,negative
Plate_1_G4,ACCTG,GTGTG,negative
Plate_1_G5,TGTGC,ACTGA,negative
Plate_1_G6,TTGAA,ACTCG,negative
Plate_1_G7,TATTC,GAGTA,negative
Plate_1_G8,CCCAT,TGTTA,positive
Plate_1_G9,CCGGA,CCCAT,negative
Plate_1_G10,ATGCT,AGTGA,negative
Plate_1_G11,CTATT,ATCAC,negative
Plate_1_G12,CCCAA,TCCGA,negative
Plate_1_H1,TGCGA,TCAAA,negative
Plate_1_H2,GATCT,GCAAC,negative
Plate_1_H3,CGACG,CACGA,negative
Plate_1_H4,GTGTG,CGTGG,negative
Plate_2_A1,TCAAA,GGGGC,negative
Plate_2_A2,GCAAC,GTAAG,positive
Plate_2_A3,CACGA,AACGA,positive
Plate_2_A4,CGTGG,AGCAC,negative
Plate_2_A5,AGGTG,TCTAG,negative
Plate_2_A6,ATCTG,TAACT,negative
Plate_2_A7,CCCAC,CGCTG,positive
Plate_2_A8,GATCC,ACACC,positive
Plate_2_A9,TGTTA,CGTTG,positive
Plate_2_A10,GAGAA,GGATG,negative
Plate_2_A11,CAGAT,CTTGC,negative
Plate_2_A12,CTGAA,GTTTC,negative
Plate_2_B1,GGGGC,AGAGG,positive
Plate_2_B2,GTAAG,CCGTT,negative
Plate_2_B3,AACGA,AACCC,positive
Plate_2_B4,AGCAC,TCATA,positive
Plate_2_B5,TCTAG,AGAAC,negative
Plate_2_B6,TAACT,TACTT,positive
Plate_2_B7,CGCTG,GTGTA,negative
Plate_2_B8,ACACC,AGAAG,negative
Plate_2_B9,CGTTG,TTACG,positive
Plate_2_B10,GGATG,CGTCC,negative
Plate_2_B11,CTTGC,TACTG,positive
Plate_2_B12,GTTTC,TTGCT,negative
Plate_2_C1,AGAGG,TGCGA,positive
Plate_2_C2,CCGTT,GATCT,negative
Plate_2_C3,AACCC,CGACG,positive
Plate_2_C4,TCATA,GTGTG,negative
Plate_2_C5,AGAAC,ACTGA,negative
Plate_2_C6,TACTT,ACTCG,positive
Plate_2_C7,GTGTA,GAGTA,negative
Plate_2_C8,AGAAG,CTTCC,positive
Plate_2_C9,TTACG,CCCAT,negative
Plate_2_C10,CGTCC,AGTGA,negative
Plate_2_C11,TACTG,ATCAC,positive
Plate_2_C12,TTGCT,TCCGA,negative
Plate_2_D1,TCACT,CCCAG,negative
Plate_2_D2,GTGCA,TCCAC,negative
Plate_2_D3,AAGGT,CCCCT,positive
Plate_2_D4,ACCTG,GTTGA,negative
Plate_2_D5,TGTGC,AAGTT,positive
Plate_2_D6,TTGAA,CACTT,negative
Plate_2_D7,TATTC,TGACT,negative
Plate_2_D8,AATTT,TCTTA,positive
Plate_2_D9,CCGGA,ACGAA,negative
Plate_2_D10,ATGCT,CCTAG,negative
Plate_2_D11,CTATT,TGAAC,positive
Plate_2_D12,CCCAA,GGCAA,negative
Plate_2_E1,AGTCT,AGTTT,positive
Plate_2_E2,TCCAC,GTGCA,positive
Plate_2_E3,CCCCT,AAGGT,positive
Plate_2_E4,GTTGA,ACCTG,negative
Plate_2_E5,AAGTT,TGTGC,negative
Plate_2_E6,CACTT,TTGAA,positive
Plate_2_E7,TGACT,TATTC,negative
Plate_2_E8,TCTTA,AATTT,positive
Plate_2_E9,ACGAA,CCGGA,negative
Plate_2_E10,CCTAG,ATGCT,positive
Plate_2_E11,TGAAC,CTATT,negative
Plate_2_E12,GGCAA,CCCAA,negative
Plate_2_F1,TGCGA,TCCCT,positive
Plate_2_F2,GATCT,AGTCT,negative
Plate_2_F3,CGACG,AGAGC,negative
Plate_2_F4,GTGTG,TGAAG,positive
Plate_2_F5,ACTGA,CTTCT,negative
Plate_2_F6,ACTCG,CGGAC,positive
Plate_2_F7,GAGTA,CGAGG,negative
Plate_2_F8,CTTCC,ACACT,negative
Plate_2_F9,CCCAT,AACAA,positive